User Name,First Name,Last Name,Email,User Details,Password,Is Password Encrypted(True/False),Enable User(Yes/No),Change Password on Next Login(Yes/No),User Identity Groups,Enable Password,Is Enable Password Encrypted(True/False),Password ID Store,Expiry Date(MM/dd/yyyy)
User1,,,,,57870ZB8DwKoZ7lcTMOGew==,TRUE,Yes,No,,,FALSE,Internal Users,
User2,,,,,57870ZB8DwKoZ7lcTMOGew==,TRUE,Yes,No,,,FALSE,Internal Users,
User3,,,,,57870ZB8DwKoZ7lcTMOGew==,TRUE,Yes,No,,,FALSE,Internal Users,
User4,,,,,57870ZB8DwKoZ7lcTMOGew==,TRUE,Yes,No,,,FALSE,Internal Users,
User5,,,,,57870ZB8DwKoZ7lcTMOGew==,TRUE,Yes,No,,,FALSE,Internal Users,
User6,,,,,57870ZB8DwKoZ7lcTMOGew==,TRUE,Yes,No,,,FALSE,Internal Users,
User7,,,,,57870ZB8DwKoZ7lcTMOGew==,TRUE,Yes,No,,,FALSE,Internal Users,
User8,,,,,57870ZB8DwKoZ7lcTMOGew==,TRUE,Yes,No,,,FALSE,Internal Users,
User9,,,,,57870ZB8DwKoZ7lcTMOGew==,TRUE,Yes,No,,,FALSE,Internal Users,
User10,,,,,57870ZB8DwKoZ7lcTMOGew==,TRUE,Yes,No,,,FALSE,Internal Users,
User11,,,,,57870ZB8DwKoZ7lcTMOGew==,TRUE,Yes,No,,,FALSE,Internal Users,
User12,,,,,57870ZB8DwKoZ7lcTMOGew==,TRUE,Yes,No,,,FALSE,Internal Users,
User13,,,,,57870ZB8DwKoZ7lcTMOGew==,TRUE,Yes,No,,,FALSE,Internal Users,
User14,,,,,57870ZB8DwKoZ7lcTMOGew==,TRUE,Yes,No,,,FALSE,Internal Users,
User15,,,,,57870ZB8DwKoZ7lcTMOGew==,TRUE,Yes,No,,,FALSE,Internal Users,
User16,,,,,57870ZB8DwKoZ7lcTMOGew==,TRUE,Yes,No,,,FALSE,Internal Users,
User17,,,,,57870ZB8DwKoZ7lcTMOGew==,TRUE,Yes,No,,,FALSE,Internal Users,
User18,,,,,57870ZB8DwKoZ7lcTMOGew==,TRUE,Yes,No,,,FALSE,Internal Users,
User19,,,,,57870ZB8DwKoZ7lcTMOGew==,TRUE,Yes,No,,,FALSE,Internal Users,
User20,,,,,57870ZB8DwKoZ7lcTMOGew==,TRUE,Yes,No,,,FALSE,Internal Users,
User21,,,,,57870ZB8DwKoZ7lcTMOGew==,TRUE,Yes,No,,,FALSE,Internal Users,
User22,,,,,57870ZB8DwKoZ7lcTMOGew==,TRUE,Yes,No,,,FALSE,Internal Users,
User23,,,,,57870ZB8DwKoZ7lcTMOGew==,TRUE,Yes,No,,,FALSE,Internal Users,
User24,,,,,57870ZB8DwKoZ7lcTMOGew==,TRUE,Yes,No,,,FALSE,Internal Users,
User25,,,,,57870ZB8DwKoZ7lcTMOGew==,TRUE,Yes,No,,,FALSE,Internal Users,
User26,,,,,57870ZB8DwKoZ7lcTMOGew==,TRUE,Yes,No,,,FALSE,Internal Users,
User27,,,,,57870ZB8DwKoZ7lcTMOGew==,TRUE,Yes,No,,,FALSE,Internal Users,
User28,,,,,57870ZB8DwKoZ7lcTMOGew==,TRUE,Yes,No,,,FALSE,Internal Users,
User29,,,,,57870ZB8DwKoZ7lcTMOGew==,TRUE,Yes,No,,,FALSE,Internal Users,
User30,,,,,57870ZB8DwKoZ7lcTMOGew==,TRUE,Yes,No,,,FALSE,Internal Users,
User31,,,,,57870ZB8DwKoZ7lcTMOGew==,TRUE,Yes,No,,,FALSE,Internal Users,
User32,,,,,57870ZB8DwKoZ7lcTMOGew==,TRUE,Yes,No,,,FALSE,Internal Users,
User33,,,,,57870ZB8DwKoZ7lcTMOGew==,TRUE,Yes,No,,,FALSE,Internal Users,
User34,,,,,57870ZB8DwKoZ7lcTMOGew==,TRUE,Yes,No,,,FALSE,Internal Users,
User35,,,,,57870ZB8DwKoZ7lcTMOGew==,TRUE,Yes,No,,,FALSE,Internal Users,
User36,,,,,57870ZB8DwKoZ7lcTMOGew==,TRUE,Yes,No,,,FALSE,Internal Users,
User37,,,,,57870ZB8DwKoZ7lcTMOGew==,TRUE,Yes,No,,,FALSE,Internal Users,
User38,,,,,57870ZB8DwKoZ7lcTMOGew==,TRUE,Yes,No,,,FALSE,Internal Users,
User39,,,,,57870ZB8DwKoZ7lcTMOGew==,TRUE,Yes,No,,,FALSE,Internal Users,
User40,,,,,57870ZB8DwKoZ7lcTMOGew==,TRUE,Yes,No,,,FALSE,Internal Users,
User41,,,,,57870ZB8DwKoZ7lcTMOGew==,TRUE,Yes,No,,,FALSE,Internal Users,
User42,,,,,57870ZB8DwKoZ7lcTMOGew==,TRUE,Yes,No,,,FALSE,Internal Users,
User43,,,,,57870ZB8DwKoZ7lcTMOGew==,TRUE,Yes,No,,,FALSE,Internal Users,
User44,,,,,57870ZB8DwKoZ7lcTMOGew==,TRUE,Yes,No,,,FALSE,Internal Users,
User45,,,,,57870ZB8DwKoZ7lcTMOGew==,TRUE,Yes,No,,,FALSE,Internal Users,
User46,,,,,57870ZB8DwKoZ7lcTMOGew==,TRUE,Yes,No,,,FALSE,Internal Users,
User47,,,,,57870ZB8DwKoZ7lcTMOGew==,TRUE,Yes,No,,,FALSE,Internal Users,
User48,,,,,57870ZB8DwKoZ7lcTMOGew==,TRUE,Yes,No,,,FALSE,Internal Users,
User49,,,,,57870ZB8DwKoZ7lcTMOGew==,TRUE,Yes,No,,,FALSE,Internal Users,
User50,,,,,57870ZB8DwKoZ7lcTMOGew==,TRUE,Yes,No,,,FALSE,Internal Users,
User51,,,,,57870ZB8DwKoZ7lcTMOGew==,TRUE,Yes,No,,,FALSE,Internal Users,
User52,,,,,57870ZB8DwKoZ7lcTMOGew==,TRUE,Yes,No,,,FALSE,Internal Users,
User53,,,,,57870ZB8DwKoZ7lcTMOGew==,TRUE,Yes,No,,,FALSE,Internal Users,
User54,,,,,57870ZB8DwKoZ7lcTMOGew==,TRUE,Yes,No,,,FALSE,Internal Users,
User55,,,,,57870ZB8DwKoZ7lcTMOGew==,TRUE,Yes,No,,,FALSE,Internal Users,
User56,,,,,57870ZB8DwKoZ7lcTMOGew==,TRUE,Yes,No,,,FALSE,Internal Users,
User57,,,,,57870ZB8DwKoZ7lcTMOGew==,TRUE,Yes,No,,,FALSE,Internal Users,
User58,,,,,57870ZB8DwKoZ7lcTMOGew==,TRUE,Yes,No,,,FALSE,Internal Users,
User59,,,,,57870ZB8DwKoZ7lcTMOGew==,TRUE,Yes,No,,,FALSE,Internal Users,
User60,,,,,57870ZB8DwKoZ7lcTMOGew==,TRUE,Yes,No,,,FALSE,Internal Users,
User61,,,,,57870ZB8DwKoZ7lcTMOGew==,TRUE,Yes,No,,,FALSE,Internal Users,
User62,,,,,57870ZB8DwKoZ7lcTMOGew==,TRUE,Yes,No,,,FALSE,Internal Users,
User63,,,,,57870ZB8DwKoZ7lcTMOGew==,TRUE,Yes,No,,,FALSE,Internal Users,
User64,,,,,57870ZB8DwKoZ7lcTMOGew==,TRUE,Yes,No,,,FALSE,Internal Users,
User65,,,,,57870ZB8DwKoZ7lcTMOGew==,TRUE,Yes,No,,,FALSE,Internal Users,
User66,,,,,57870ZB8DwKoZ7lcTMOGew==,TRUE,Yes,No,,,FALSE,Internal Users,
User67,,,,,57870ZB8DwKoZ7lcTMOGew==,TRUE,Yes,No,,,FALSE,Internal Users,
User68,,,,,57870ZB8DwKoZ7lcTMOGew==,TRUE,Yes,No,,,FALSE,Internal Users,
User69,,,,,57870ZB8DwKoZ7lcTMOGew==,TRUE,Yes,No,,,FALSE,Internal Users,
User70,,,,,57870ZB8DwKoZ7lcTMOGew==,TRUE,Yes,No,,,FALSE,Internal Users,
User71,,,,,57870ZB8DwKoZ7lcTMOGew==,TRUE,Yes,No,,,FALSE,Internal Users,
User72,,,,,57870ZB8DwKoZ7lcTMOGew==,TRUE,Yes,No,,,FALSE,Internal Users,
User73,,,,,57870ZB8DwKoZ7lcTMOGew==,TRUE,Yes,No,,,FALSE,Internal Users,
User74,,,,,57870ZB8DwKoZ7lcTMOGew==,TRUE,Yes,No,,,FALSE,Internal Users,
User75,,,,,57870ZB8DwKoZ7lcTMOGew==,TRUE,Yes,No,,,FALSE,Internal Users,
User76,,,,,57870ZB8DwKoZ7lcTMOGew==,TRUE,Yes,No,,,FALSE,Internal Users,
User77,,,,,57870ZB8DwKoZ7lcTMOGew==,TRUE,Yes,No,,,FALSE,Internal Users,
User78,,,,,57870ZB8DwKoZ7lcTMOGew==,TRUE,Yes,No,,,FALSE,Internal Users,
User79,,,,,57870ZB8DwKoZ7lcTMOGew==,TRUE,Yes,No,,,FALSE,Internal Users,
User80,,,,,57870ZB8DwKoZ7lcTMOGew==,TRUE,Yes,No,,,FALSE,Internal Users,
User81,,,,,57870ZB8DwKoZ7lcTMOGew==,TRUE,Yes,No,,,FALSE,Internal Users,
User82,,,,,57870ZB8DwKoZ7lcTMOGew==,TRUE,Yes,No,,,FALSE,Internal Users,
User83,,,,,57870ZB8DwKoZ7lcTMOGew==,TRUE,Yes,No,,,FALSE,Internal Users,
User84,,,,,57870ZB8DwKoZ7lcTMOGew==,TRUE,Yes,No,,,FALSE,Internal Users,
User85,,,,,57870ZB8DwKoZ7lcTMOGew==,TRUE,Yes,No,,,FALSE,Internal Users,
User86,,,,,57870ZB8DwKoZ7lcTMOGew==,TRUE,Yes,No,,,FALSE,Internal Users,
User87,,,,,57870ZB8DwKoZ7lcTMOGew==,TRUE,Yes,No,,,FALSE,Internal Users,
User88,,,,,57870ZB8DwKoZ7lcTMOGew==,TRUE,Yes,No,,,FALSE,Internal Users,
User89,,,,,57870ZB8DwKoZ7lcTMOGew==,TRUE,Yes,No,,,FALSE,Internal Users,
User90,,,,,57870ZB8DwKoZ7lcTMOGew==,TRUE,Yes,No,,,FALSE,Internal Users,
User91,,,,,57870ZB8DwKoZ7lcTMOGew==,TRUE,Yes,No,,,FALSE,Internal Users,
User92,,,,,57870ZB8DwKoZ7lcTMOGew==,TRUE,Yes,No,,,FALSE,Internal Users,
User93,,,,,57870ZB8DwKoZ7lcTMOGew==,TRUE,Yes,No,,,FALSE,Internal Users,
User94,,,,,57870ZB8DwKoZ7lcTMOGew==,TRUE,Yes,No,,,FALSE,Internal Users,
User95,,,,,57870ZB8DwKoZ7lcTMOGew==,TRUE,Yes,No,,,FALSE,Internal Users,
User96,,,,,57870ZB8DwKoZ7lcTMOGew==,TRUE,Yes,No,,,FALSE,Internal Users,
User97,,,,,57870ZB8DwKoZ7lcTMOGew==,TRUE,Yes,No,,,FALSE,Internal Users,
User98,,,,,57870ZB8DwKoZ7lcTMOGew==,TRUE,Yes,No,,,FALSE,Internal Users,
User99,,,,,57870ZB8DwKoZ7lcTMOGew==,TRUE,Yes,No,,,FALSE,Internal Users,
User100,,,,,57870ZB8DwKoZ7lcTMOGew==,TRUE,Yes,No,,,FALSE,Internal Users,
User101,,,,,57870ZB8DwKoZ7lcTMOGew==,TRUE,Yes,No,,,FALSE,Internal Users,
User102,,,,,57870ZB8DwKoZ7lcTMOGew==,TRUE,Yes,No,,,FALSE,Internal Users,
User103,,,,,57870ZB8DwKoZ7lcTMOGew==,TRUE,Yes,No,,,FALSE,Internal Users,
User104,,,,,57870ZB8DwKoZ7lcTMOGew==,TRUE,Yes,No,,,FALSE,Internal Users,
User105,,,,,57870ZB8DwKoZ7lcTMOGew==,TRUE,Yes,No,,,FALSE,Internal Users,
User106,,,,,57870ZB8DwKoZ7lcTMOGew==,TRUE,Yes,No,,,FALSE,Internal Users,
User107,,,,,57870ZB8DwKoZ7lcTMOGew==,TRUE,Yes,No,,,FALSE,Internal Users,
User108,,,,,57870ZB8DwKoZ7lcTMOGew==,TRUE,Yes,No,,,FALSE,Internal Users,
User109,,,,,57870ZB8DwKoZ7lcTMOGew==,TRUE,Yes,No,,,FALSE,Internal Users,
User110,,,,,57870ZB8DwKoZ7lcTMOGew==,TRUE,Yes,No,,,FALSE,Internal Users,
User111,,,,,57870ZB8DwKoZ7lcTMOGew==,TRUE,Yes,No,,,FALSE,Internal Users,
User112,,,,,57870ZB8DwKoZ7lcTMOGew==,TRUE,Yes,No,,,FALSE,Internal Users,
User113,,,,,57870ZB8DwKoZ7lcTMOGew==,TRUE,Yes,No,,,FALSE,Internal Users,
User114,,,,,57870ZB8DwKoZ7lcTMOGew==,TRUE,Yes,No,,,FALSE,Internal Users,
User115,,,,,57870ZB8DwKoZ7lcTMOGew==,TRUE,Yes,No,,,FALSE,Internal Users,
User116,,,,,57870ZB8DwKoZ7lcTMOGew==,TRUE,Yes,No,,,FALSE,Internal Users,
User117,,,,,57870ZB8DwKoZ7lcTMOGew==,TRUE,Yes,No,,,FALSE,Internal Users,
User118,,,,,57870ZB8DwKoZ7lcTMOGew==,TRUE,Yes,No,,,FALSE,Internal Users,
User119,,,,,57870ZB8DwKoZ7lcTMOGew==,TRUE,Yes,No,,,FALSE,Internal Users,
User120,,,,,57870ZB8DwKoZ7lcTMOGew==,TRUE,Yes,No,,,FALSE,Internal Users,
User121,,,,,57870ZB8DwKoZ7lcTMOGew==,TRUE,Yes,No,,,FALSE,Internal Users,
User122,,,,,57870ZB8DwKoZ7lcTMOGew==,TRUE,Yes,No,,,FALSE,Internal Users,
User123,,,,,57870ZB8DwKoZ7lcTMOGew==,TRUE,Yes,No,,,FALSE,Internal Users,
User124,,,,,57870ZB8DwKoZ7lcTMOGew==,TRUE,Yes,No,,,FALSE,Internal Users,
User125,,,,,57870ZB8DwKoZ7lcTMOGew==,TRUE,Yes,No,,,FALSE,Internal Users,
User126,,,,,57870ZB8DwKoZ7lcTMOGew==,TRUE,Yes,No,,,FALSE,Internal Users,
User127,,,,,57870ZB8DwKoZ7lcTMOGew==,TRUE,Yes,No,,,FALSE,Internal Users,
User128,,,,,57870ZB8DwKoZ7lcTMOGew==,TRUE,Yes,No,,,FALSE,Internal Users,
User129,,,,,57870ZB8DwKoZ7lcTMOGew==,TRUE,Yes,No,,,FALSE,Internal Users,
User130,,,,,57870ZB8DwKoZ7lcTMOGew==,TRUE,Yes,No,,,FALSE,Internal Users,
User131,,,,,57870ZB8DwKoZ7lcTMOGew==,TRUE,Yes,No,,,FALSE,Internal Users,
User132,,,,,57870ZB8DwKoZ7lcTMOGew==,TRUE,Yes,No,,,FALSE,Internal Users,
User133,,,,,57870ZB8DwKoZ7lcTMOGew==,TRUE,Yes,No,,,FALSE,Internal Users,
User134,,,,,57870ZB8DwKoZ7lcTMOGew==,TRUE,Yes,No,,,FALSE,Internal Users,
User135,,,,,57870ZB8DwKoZ7lcTMOGew==,TRUE,Yes,No,,,FALSE,Internal Users,
User136,,,,,57870ZB8DwKoZ7lcTMOGew==,TRUE,Yes,No,,,FALSE,Internal Users,
User137,,,,,57870ZB8DwKoZ7lcTMOGew==,TRUE,Yes,No,,,FALSE,Internal Users,
User138,,,,,57870ZB8DwKoZ7lcTMOGew==,TRUE,Yes,No,,,FALSE,Internal Users,
User139,,,,,57870ZB8DwKoZ7lcTMOGew==,TRUE,Yes,No,,,FALSE,Internal Users,
User140,,,,,57870ZB8DwKoZ7lcTMOGew==,TRUE,Yes,No,,,FALSE,Internal Users,
User141,,,,,57870ZB8DwKoZ7lcTMOGew==,TRUE,Yes,No,,,FALSE,Internal Users,
User142,,,,,57870ZB8DwKoZ7lcTMOGew==,TRUE,Yes,No,,,FALSE,Internal Users,
User143,,,,,57870ZB8DwKoZ7lcTMOGew==,TRUE,Yes,No,,,FALSE,Internal Users,
User144,,,,,57870ZB8DwKoZ7lcTMOGew==,TRUE,Yes,No,,,FALSE,Internal Users,
User145,,,,,57870ZB8DwKoZ7lcTMOGew==,TRUE,Yes,No,,,FALSE,Internal Users,
User146,,,,,57870ZB8DwKoZ7lcTMOGew==,TRUE,Yes,No,,,FALSE,Internal Users,
User147,,,,,57870ZB8DwKoZ7lcTMOGew==,TRUE,Yes,No,,,FALSE,Internal Users,
User148,,,,,57870ZB8DwKoZ7lcTMOGew==,TRUE,Yes,No,,,FALSE,Internal Users,
User149,,,,,57870ZB8DwKoZ7lcTMOGew==,TRUE,Yes,No,,,FALSE,Internal Users,
User150,,,,,57870ZB8DwKoZ7lcTMOGew==,TRUE,Yes,No,,,FALSE,Internal Users,
User151,,,,,57870ZB8DwKoZ7lcTMOGew==,TRUE,Yes,No,,,FALSE,Internal Users,
User152,,,,,57870ZB8DwKoZ7lcTMOGew==,TRUE,Yes,No,,,FALSE,Internal Users,
User153,,,,,57870ZB8DwKoZ7lcTMOGew==,TRUE,Yes,No,,,FALSE,Internal Users,
User154,,,,,57870ZB8DwKoZ7lcTMOGew==,TRUE,Yes,No,,,FALSE,Internal Users,
User155,,,,,57870ZB8DwKoZ7lcTMOGew==,TRUE,Yes,No,,,FALSE,Internal Users,
User156,,,,,57870ZB8DwKoZ7lcTMOGew==,TRUE,Yes,No,,,FALSE,Internal Users,
User157,,,,,57870ZB8DwKoZ7lcTMOGew==,TRUE,Yes,No,,,FALSE,Internal Users,
User158,,,,,57870ZB8DwKoZ7lcTMOGew==,TRUE,Yes,No,,,FALSE,Internal Users,
User159,,,,,57870ZB8DwKoZ7lcTMOGew==,TRUE,Yes,No,,,FALSE,Internal Users,
User160,,,,,57870ZB8DwKoZ7lcTMOGew==,TRUE,Yes,No,,,FALSE,Internal Users,
User161,,,,,57870ZB8DwKoZ7lcTMOGew==,TRUE,Yes,No,,,FALSE,Internal Users,
User162,,,,,57870ZB8DwKoZ7lcTMOGew==,TRUE,Yes,No,,,FALSE,Internal Users,
User163,,,,,57870ZB8DwKoZ7lcTMOGew==,TRUE,Yes,No,,,FALSE,Internal Users,
User164,,,,,57870ZB8DwKoZ7lcTMOGew==,TRUE,Yes,No,,,FALSE,Internal Users,
User165,,,,,57870ZB8DwKoZ7lcTMOGew==,TRUE,Yes,No,,,FALSE,Internal Users,
User166,,,,,57870ZB8DwKoZ7lcTMOGew==,TRUE,Yes,No,,,FALSE,Internal Users,
User167,,,,,57870ZB8DwKoZ7lcTMOGew==,TRUE,Yes,No,,,FALSE,Internal Users,
User168,,,,,57870ZB8DwKoZ7lcTMOGew==,TRUE,Yes,No,,,FALSE,Internal Users,
User169,,,,,57870ZB8DwKoZ7lcTMOGew==,TRUE,Yes,No,,,FALSE,Internal Users,
User170,,,,,57870ZB8DwKoZ7lcTMOGew==,TRUE,Yes,No,,,FALSE,Internal Users,
User171,,,,,57870ZB8DwKoZ7lcTMOGew==,TRUE,Yes,No,,,FALSE,Internal Users,
User172,,,,,57870ZB8DwKoZ7lcTMOGew==,TRUE,Yes,No,,,FALSE,Internal Users,
User173,,,,,57870ZB8DwKoZ7lcTMOGew==,TRUE,Yes,No,,,FALSE,Internal Users,
User174,,,,,57870ZB8DwKoZ7lcTMOGew==,TRUE,Yes,No,,,FALSE,Internal Users,
User175,,,,,57870ZB8DwKoZ7lcTMOGew==,TRUE,Yes,No,,,FALSE,Internal Users,
User176,,,,,57870ZB8DwKoZ7lcTMOGew==,TRUE,Yes,No,,,FALSE,Internal Users,
User177,,,,,57870ZB8DwKoZ7lcTMOGew==,TRUE,Yes,No,,,FALSE,Internal Users,
User178,,,,,57870ZB8DwKoZ7lcTMOGew==,TRUE,Yes,No,,,FALSE,Internal Users,
User179,,,,,57870ZB8DwKoZ7lcTMOGew==,TRUE,Yes,No,,,FALSE,Internal Users,
User180,,,,,57870ZB8DwKoZ7lcTMOGew==,TRUE,Yes,No,,,FALSE,Internal Users,
User181,,,,,57870ZB8DwKoZ7lcTMOGew==,TRUE,Yes,No,,,FALSE,Internal Users,
User182,,,,,57870ZB8DwKoZ7lcTMOGew==,TRUE,Yes,No,,,FALSE,Internal Users,
User183,,,,,57870ZB8DwKoZ7lcTMOGew==,TRUE,Yes,No,,,FALSE,Internal Users,
User184,,,,,57870ZB8DwKoZ7lcTMOGew==,TRUE,Yes,No,,,FALSE,Internal Users,
User185,,,,,57870ZB8DwKoZ7lcTMOGew==,TRUE,Yes,No,,,FALSE,Internal Users,
User186,,,,,57870ZB8DwKoZ7lcTMOGew==,TRUE,Yes,No,,,FALSE,Internal Users,
User187,,,,,57870ZB8DwKoZ7lcTMOGew==,TRUE,Yes,No,,,FALSE,Internal Users,
User188,,,,,57870ZB8DwKoZ7lcTMOGew==,TRUE,Yes,No,,,FALSE,Internal Users,
User189,,,,,57870ZB8DwKoZ7lcTMOGew==,TRUE,Yes,No,,,FALSE,Internal Users,
User190,,,,,57870ZB8DwKoZ7lcTMOGew==,TRUE,Yes,No,,,FALSE,Internal Users,
User191,,,,,57870ZB8DwKoZ7lcTMOGew==,TRUE,Yes,No,,,FALSE,Internal Users,
User192,,,,,57870ZB8DwKoZ7lcTMOGew==,TRUE,Yes,No,,,FALSE,Internal Users,
User193,,,,,57870ZB8DwKoZ7lcTMOGew==,TRUE,Yes,No,,,FALSE,Internal Users,
User194,,,,,57870ZB8DwKoZ7lcTMOGew==,TRUE,Yes,No,,,FALSE,Internal Users,
User195,,,,,57870ZB8DwKoZ7lcTMOGew==,TRUE,Yes,No,,,FALSE,Internal Users,
User196,,,,,57870ZB8DwKoZ7lcTMOGew==,TRUE,Yes,No,,,FALSE,Internal Users,
User197,,,,,57870ZB8DwKoZ7lcTMOGew==,TRUE,Yes,No,,,FALSE,Internal Users,
User198,,,,,57870ZB8DwKoZ7lcTMOGew==,TRUE,Yes,No,,,FALSE,Internal Users,
User199,,,,,57870ZB8DwKoZ7lcTMOGew==,TRUE,Yes,No,,,FALSE,Internal Users,
User200,,,,,57870ZB8DwKoZ7lcTMOGew==,TRUE,Yes,No,,,FALSE,Internal Users,
User201,,,,,57870ZB8DwKoZ7lcTMOGew==,TRUE,Yes,No,,,FALSE,Internal Users,
User202,,,,,57870ZB8DwKoZ7lcTMOGew==,TRUE,Yes,No,,,FALSE,Internal Users,
User203,,,,,57870ZB8DwKoZ7lcTMOGew==,TRUE,Yes,No,,,FALSE,Internal Users,
User204,,,,,57870ZB8DwKoZ7lcTMOGew==,TRUE,Yes,No,,,FALSE,Internal Users,
User205,,,,,57870ZB8DwKoZ7lcTMOGew==,TRUE,Yes,No,,,FALSE,Internal Users,
User206,,,,,57870ZB8DwKoZ7lcTMOGew==,TRUE,Yes,No,,,FALSE,Internal Users,
User207,,,,,57870ZB8DwKoZ7lcTMOGew==,TRUE,Yes,No,,,FALSE,Internal Users,
User208,,,,,57870ZB8DwKoZ7lcTMOGew==,TRUE,Yes,No,,,FALSE,Internal Users,
User209,,,,,57870ZB8DwKoZ7lcTMOGew==,TRUE,Yes,No,,,FALSE,Internal Users,
User210,,,,,57870ZB8DwKoZ7lcTMOGew==,TRUE,Yes,No,,,FALSE,Internal Users,
User211,,,,,57870ZB8DwKoZ7lcTMOGew==,TRUE,Yes,No,,,FALSE,Internal Users,
User212,,,,,57870ZB8DwKoZ7lcTMOGew==,TRUE,Yes,No,,,FALSE,Internal Users,
User213,,,,,57870ZB8DwKoZ7lcTMOGew==,TRUE,Yes,No,,,FALSE,Internal Users,
User214,,,,,57870ZB8DwKoZ7lcTMOGew==,TRUE,Yes,No,,,FALSE,Internal Users,
User215,,,,,57870ZB8DwKoZ7lcTMOGew==,TRUE,Yes,No,,,FALSE,Internal Users,
User216,,,,,57870ZB8DwKoZ7lcTMOGew==,TRUE,Yes,No,,,FALSE,Internal Users,
User217,,,,,57870ZB8DwKoZ7lcTMOGew==,TRUE,Yes,No,,,FALSE,Internal Users,
User218,,,,,57870ZB8DwKoZ7lcTMOGew==,TRUE,Yes,No,,,FALSE,Internal Users,
User219,,,,,57870ZB8DwKoZ7lcTMOGew==,TRUE,Yes,No,,,FALSE,Internal Users,
User220,,,,,57870ZB8DwKoZ7lcTMOGew==,TRUE,Yes,No,,,FALSE,Internal Users,
User221,,,,,57870ZB8DwKoZ7lcTMOGew==,TRUE,Yes,No,,,FALSE,Internal Users,
User222,,,,,57870ZB8DwKoZ7lcTMOGew==,TRUE,Yes,No,,,FALSE,Internal Users,
User223,,,,,57870ZB8DwKoZ7lcTMOGew==,TRUE,Yes,No,,,FALSE,Internal Users,
User224,,,,,57870ZB8DwKoZ7lcTMOGew==,TRUE,Yes,No,,,FALSE,Internal Users,
User225,,,,,57870ZB8DwKoZ7lcTMOGew==,TRUE,Yes,No,,,FALSE,Internal Users,
User226,,,,,57870ZB8DwKoZ7lcTMOGew==,TRUE,Yes,No,,,FALSE,Internal Users,
User227,,,,,57870ZB8DwKoZ7lcTMOGew==,TRUE,Yes,No,,,FALSE,Internal Users,
User228,,,,,57870ZB8DwKoZ7lcTMOGew==,TRUE,Yes,No,,,FALSE,Internal Users,
User229,,,,,57870ZB8DwKoZ7lcTMOGew==,TRUE,Yes,No,,,FALSE,Internal Users,
User230,,,,,57870ZB8DwKoZ7lcTMOGew==,TRUE,Yes,No,,,FALSE,Internal Users,
User231,,,,,57870ZB8DwKoZ7lcTMOGew==,TRUE,Yes,No,,,FALSE,Internal Users,
User232,,,,,57870ZB8DwKoZ7lcTMOGew==,TRUE,Yes,No,,,FALSE,Internal Users,
User233,,,,,57870ZB8DwKoZ7lcTMOGew==,TRUE,Yes,No,,,FALSE,Internal Users,
User234,,,,,57870ZB8DwKoZ7lcTMOGew==,TRUE,Yes,No,,,FALSE,Internal Users,
User235,,,,,57870ZB8DwKoZ7lcTMOGew==,TRUE,Yes,No,,,FALSE,Internal Users,
User236,,,,,57870ZB8DwKoZ7lcTMOGew==,TRUE,Yes,No,,,FALSE,Internal Users,
User237,,,,,57870ZB8DwKoZ7lcTMOGew==,TRUE,Yes,No,,,FALSE,Internal Users,
User238,,,,,57870ZB8DwKoZ7lcTMOGew==,TRUE,Yes,No,,,FALSE,Internal Users,
User239,,,,,57870ZB8DwKoZ7lcTMOGew==,TRUE,Yes,No,,,FALSE,Internal Users,
User240,,,,,57870ZB8DwKoZ7lcTMOGew==,TRUE,Yes,No,,,FALSE,Internal Users,
User241,,,,,57870ZB8DwKoZ7lcTMOGew==,TRUE,Yes,No,,,FALSE,Internal Users,
User242,,,,,57870ZB8DwKoZ7lcTMOGew==,TRUE,Yes,No,,,FALSE,Internal Users,
User243,,,,,57870ZB8DwKoZ7lcTMOGew==,TRUE,Yes,No,,,FALSE,Internal Users,
User244,,,,,57870ZB8DwKoZ7lcTMOGew==,TRUE,Yes,No,,,FALSE,Internal Users,
User245,,,,,57870ZB8DwKoZ7lcTMOGew==,TRUE,Yes,No,,,FALSE,Internal Users,
User246,,,,,57870ZB8DwKoZ7lcTMOGew==,TRUE,Yes,No,,,FALSE,Internal Users,
User247,,,,,57870ZB8DwKoZ7lcTMOGew==,TRUE,Yes,No,,,FALSE,Internal Users,
User248,,,,,57870ZB8DwKoZ7lcTMOGew==,TRUE,Yes,No,,,FALSE,Internal Users,
User249,,,,,57870ZB8DwKoZ7lcTMOGew==,TRUE,Yes,No,,,FALSE,Internal Users,
User250,,,,,57870ZB8DwKoZ7lcTMOGew==,TRUE,Yes,No,,,FALSE,Internal Users,
User251,,,,,57870ZB8DwKoZ7lcTMOGew==,TRUE,Yes,No,,,FALSE,Internal Users,
User252,,,,,57870ZB8DwKoZ7lcTMOGew==,TRUE,Yes,No,,,FALSE,Internal Users,
User253,,,,,57870ZB8DwKoZ7lcTMOGew==,TRUE,Yes,No,,,FALSE,Internal Users,
User254,,,,,57870ZB8DwKoZ7lcTMOGew==,TRUE,Yes,No,,,FALSE,Internal Users,
User255,,,,,57870ZB8DwKoZ7lcTMOGew==,TRUE,Yes,No,,,FALSE,Internal Users,
User256,,,,,57870ZB8DwKoZ7lcTMOGew==,TRUE,Yes,No,,,FALSE,Internal Users,
User257,,,,,57870ZB8DwKoZ7lcTMOGew==,TRUE,Yes,No,,,FALSE,Internal Users,
User258,,,,,57870ZB8DwKoZ7lcTMOGew==,TRUE,Yes,No,,,FALSE,Internal Users,
User259,,,,,57870ZB8DwKoZ7lcTMOGew==,TRUE,Yes,No,,,FALSE,Internal Users,
User260,,,,,57870ZB8DwKoZ7lcTMOGew==,TRUE,Yes,No,,,FALSE,Internal Users,
User261,,,,,57870ZB8DwKoZ7lcTMOGew==,TRUE,Yes,No,,,FALSE,Internal Users,
User262,,,,,57870ZB8DwKoZ7lcTMOGew==,TRUE,Yes,No,,,FALSE,Internal Users,
User263,,,,,57870ZB8DwKoZ7lcTMOGew==,TRUE,Yes,No,,,FALSE,Internal Users,
User264,,,,,57870ZB8DwKoZ7lcTMOGew==,TRUE,Yes,No,,,FALSE,Internal Users,
User265,,,,,57870ZB8DwKoZ7lcTMOGew==,TRUE,Yes,No,,,FALSE,Internal Users,
User266,,,,,57870ZB8DwKoZ7lcTMOGew==,TRUE,Yes,No,,,FALSE,Internal Users,
User267,,,,,57870ZB8DwKoZ7lcTMOGew==,TRUE,Yes,No,,,FALSE,Internal Users,
User268,,,,,57870ZB8DwKoZ7lcTMOGew==,TRUE,Yes,No,,,FALSE,Internal Users,
User269,,,,,57870ZB8DwKoZ7lcTMOGew==,TRUE,Yes,No,,,FALSE,Internal Users,
User270,,,,,57870ZB8DwKoZ7lcTMOGew==,TRUE,Yes,No,,,FALSE,Internal Users,
User271,,,,,57870ZB8DwKoZ7lcTMOGew==,TRUE,Yes,No,,,FALSE,Internal Users,
User272,,,,,57870ZB8DwKoZ7lcTMOGew==,TRUE,Yes,No,,,FALSE,Internal Users,
User273,,,,,57870ZB8DwKoZ7lcTMOGew==,TRUE,Yes,No,,,FALSE,Internal Users,
User274,,,,,57870ZB8DwKoZ7lcTMOGew==,TRUE,Yes,No,,,FALSE,Internal Users,
User275,,,,,57870ZB8DwKoZ7lcTMOGew==,TRUE,Yes,No,,,FALSE,Internal Users,
User276,,,,,57870ZB8DwKoZ7lcTMOGew==,TRUE,Yes,No,,,FALSE,Internal Users,
User277,,,,,57870ZB8DwKoZ7lcTMOGew==,TRUE,Yes,No,,,FALSE,Internal Users,
User278,,,,,57870ZB8DwKoZ7lcTMOGew==,TRUE,Yes,No,,,FALSE,Internal Users,
User279,,,,,57870ZB8DwKoZ7lcTMOGew==,TRUE,Yes,No,,,FALSE,Internal Users,
User280,,,,,57870ZB8DwKoZ7lcTMOGew==,TRUE,Yes,No,,,FALSE,Internal Users,
User281,,,,,57870ZB8DwKoZ7lcTMOGew==,TRUE,Yes,No,,,FALSE,Internal Users,
User282,,,,,57870ZB8DwKoZ7lcTMOGew==,TRUE,Yes,No,,,FALSE,Internal Users,
User283,,,,,57870ZB8DwKoZ7lcTMOGew==,TRUE,Yes,No,,,FALSE,Internal Users,
User284,,,,,57870ZB8DwKoZ7lcTMOGew==,TRUE,Yes,No,,,FALSE,Internal Users,
User285,,,,,57870ZB8DwKoZ7lcTMOGew==,TRUE,Yes,No,,,FALSE,Internal Users,
User286,,,,,57870ZB8DwKoZ7lcTMOGew==,TRUE,Yes,No,,,FALSE,Internal Users,
User287,,,,,57870ZB8DwKoZ7lcTMOGew==,TRUE,Yes,No,,,FALSE,Internal Users,
User288,,,,,57870ZB8DwKoZ7lcTMOGew==,TRUE,Yes,No,,,FALSE,Internal Users,
User289,,,,,57870ZB8DwKoZ7lcTMOGew==,TRUE,Yes,No,,,FALSE,Internal Users,
User290,,,,,57870ZB8DwKoZ7lcTMOGew==,TRUE,Yes,No,,,FALSE,Internal Users,
User291,,,,,57870ZB8DwKoZ7lcTMOGew==,TRUE,Yes,No,,,FALSE,Internal Users,
User292,,,,,57870ZB8DwKoZ7lcTMOGew==,TRUE,Yes,No,,,FALSE,Internal Users,
User293,,,,,57870ZB8DwKoZ7lcTMOGew==,TRUE,Yes,No,,,FALSE,Internal Users,
User294,,,,,57870ZB8DwKoZ7lcTMOGew==,TRUE,Yes,No,,,FALSE,Internal Users,
User295,,,,,57870ZB8DwKoZ7lcTMOGew==,TRUE,Yes,No,,,FALSE,Internal Users,
User296,,,,,57870ZB8DwKoZ7lcTMOGew==,TRUE,Yes,No,,,FALSE,Internal Users,
User297,,,,,57870ZB8DwKoZ7lcTMOGew==,TRUE,Yes,No,,,FALSE,Internal Users,
User298,,,,,57870ZB8DwKoZ7lcTMOGew==,TRUE,Yes,No,,,FALSE,Internal Users,
User299,,,,,57870ZB8DwKoZ7lcTMOGew==,TRUE,Yes,No,,,FALSE,Internal Users,